budget,gross
1.0,0.712195532542111
0.712195532542111,1.0
